patient_id,total_windows,positive_windows,negative_windows,positive_ratio
chb01,72506,1956,70550,0.026977077759082
chb02,63261,662,62599,0.0104645832345362
chb03,67940,1890,66050,0.0278186635266411
chb05,69725,1403,68322,0.0201219074937253
chb07,120415,897,119518,0.0074492380517377
chb08,35369,1495,33874,0.0422686533404959
chb09,121946,897,121049,0.0073557148245944
chb10,89566,2093,87473,0.0233682424134158
chb14,46472,2093,44379,0.0450378722671716
chb23,47596,759,46837,0.0159467182116144
