stage,model,strategy_id,status,validation_pr_auc,validation_f1,validation_roc_auc,validation_mcc,test_pr_auc,test_f1,test_roc_auc,test_mcc,threshold
step1_imbalance,eegnet,weighted_ce,COMPLETED,0.0238619195197262,0.0,0.5151951123877682,-0.0008247771636502,0.0178861587268738,0.0007254261878853,0.500695086806004,0.0131047888964663,0.5
step1_imbalance,eegnet,weighted_ce_threshold,COMPLETED,0.0238619195197262,0.0366058499855198,0.5151951123877682,-0.0019348134260023,0.0178861587268738,0.0257524374735057,0.500695086806004,-0.0076121106749563,0.01
step1_imbalance,eegnet,focal_loss,COMPLETED,0.0225241600681165,0.0451197968844397,0.4844874188204709,-0.0089150043834399,0.0184966330532767,0.0365503022482783,0.5324519475660757,0.0150036862396594,0.5
step1_imbalance,eegnet,focal_loss_threshold,COMPLETED,0.0225241600681165,0.0461618899544572,0.4844874188204709,0.0016969632522165,0.0184966330532767,0.0354283877190162,0.5324519475660757,0.002617154461226,0.12
step1_imbalance,eegnet,weighted_random_sampler,INCOMPLETE,0.0229832802457281,0.0434810909327605,0.4710947623484662,0.0084124678448127,0.020794165802888,0.0402455131691399,0.5530835047936821,0.0142550105228301,0.5
step3_final,eegnet,weighted_ce_threshold,COMPLETED,0.0238619195197262,0.0366058499855198,0.5151951123877682,-0.0019348134260023,0.0178861587268738,0.0257524374735057,0.500695086806004,-0.0076121106749563,0.01
step3_final,attention,weighted_ce_threshold,COMPLETED,0.0258039961655378,0.0,0.5475341708666986,-0.000583201424902,0.0162571578819057,0.0,0.4659445365800942,0.0,0.01
step3_final,hybrid,weighted_ce_threshold,INCOMPLETE,0.0237813586190411,0.0461432790713647,0.5027825349623841,0.0,0.018096499960149,0.0354154079520767,0.5019455912220815,0.0,0.01
