split,windows,patients,positive_windows,negative_windows,positive_ratio,patient_ids
test,152827,2,2755,150072,0.018026919327082256,"chb02, chb10"
train,439738,6,8031,431707,0.018263147601526364,"chb03, chb07, chb08, chb09, chb14, chb23"
validation,142231,2,3359,138872,0.023616511168451322,"chb01, chb05"
